ğŸ‡¦ğŸ‡¨,AC,Ascension Island,1f1e6-1f1e8.svg
ğŸ‡¦ğŸ‡©,AD,Andorra,1f1e6-1f1e9.svg
ğŸ‡¦ğŸ‡ª,AE,United Arab Emirates,1f1e6-1f1ea.svg
ğŸ‡¦ğŸ‡«,AF,Afghanistan,1f1e6-1f1eb.svg
ğŸ‡¦ğŸ‡¬,AG,Antigua & Barbuda,1f1e6-1f1ec.svg
ğŸ‡¦ğŸ‡®,AI,Anguilla,1f1e6-1f1ee.svg
ğŸ‡¦ğŸ‡±,AL,Albania,1f1e6-1f1f1.svg
ğŸ‡¦ğŸ‡²,AM,Armenia,1f1e6-1f1f2.svg
ğŸ‡¦ğŸ‡´,AO,Angola,1f1e6-1f1f4.svg
ğŸ‡¦ğŸ‡¶,AQ,Antarctica,1f1e6-1f1f6.svg
ğŸ‡¦ğŸ‡·,AR,Argentina,1f1e6-1f1f7.svg
ğŸ‡¦ğŸ‡¸,AS,American Samoa,1f1e6-1f1f8.svg
ğŸ‡¦ğŸ‡¹,AT,Austria,1f1e6-1f1f9.svg
ğŸ‡¦ğŸ‡º,AU,Australia,1f1e6-1f1fa.svg
ğŸ‡¦ğŸ‡¼,AW,Aruba,1f1e6-1f1fc.svg
ğŸ‡¦ğŸ‡½,AX,Ã…land Islands,1f1e6-1f1fd.svg
ğŸ‡¦ğŸ‡¿,AZ,Azerbaijan,1f1e6-1f1ff.svg
ğŸ‡§ğŸ‡¦,BA,Bosnia & Herzegovina,1f1e7-1f1e6.svg
ğŸ‡§ğŸ‡§,BB,Barbados,1f1e7-1f1e7.svg
ğŸ‡§ğŸ‡©,BD,Bangladesh,1f1e7-1f1e9.svg
ğŸ‡§ğŸ‡ª,BE,Belgium,1f1e7-1f1ea.svg
ğŸ‡§ğŸ‡«,BF,Burkina Faso,1f1e7-1f1eb.svg
ğŸ‡§ğŸ‡¬,BG,Bulgaria,1f1e7-1f1ec.svg
ğŸ‡§ğŸ‡­,BH,Bahrain,1f1e7-1f1ed.svg
ğŸ‡§ğŸ‡®,BI,Burundi,1f1e7-1f1ee.svg
ğŸ‡§ğŸ‡¯,BJ,Benin,1f1e7-1f1ef.svg
ğŸ‡§ğŸ‡±,BL,St. BarthÃ©lemy,1f1e7-1f1f1.svg
ğŸ‡§ğŸ‡²,BM,Bermuda,1f1e7-1f1f2.svg
ğŸ‡§ğŸ‡³,BN,Brunei,1f1e7-1f1f3.svg
ğŸ‡§ğŸ‡´,BO,Bolivia,1f1e7-1f1f4.svg
ğŸ‡§ğŸ‡¶,BQ,Caribbean Netherlands,1f1e7-1f1f6.svg
ğŸ‡§ğŸ‡·,BR,Brazil,1f1e7-1f1f7.svg
ğŸ‡§ğŸ‡¸,BS,Bahamas,1f1e7-1f1f8.svg
ğŸ‡§ğŸ‡¹,BT,Bhutan,1f1e7-1f1f9.svg
ğŸ‡§ğŸ‡»,BV,Bouvet Island,1f1e7-1f1fb.svg
ğŸ‡§ğŸ‡¼,BW,Botswana,1f1e7-1f1fc.svg
ğŸ‡§ğŸ‡¾,BY,Belarus,1f1e7-1f1fe.svg
ğŸ‡§ğŸ‡¿,BZ,Belize,1f1e7-1f1ff.svg
ğŸ‡¨ğŸ‡¦,CA,Canada,1f1e8-1f1e6.svg
ğŸ‡¨ğŸ‡¨,CC,Cocos (Keeling) Islands,1f1e8-1f1e8.svg
ğŸ‡¨ğŸ‡©,CD,Congo - Kinshasa,1f1e8-1f1e9.svg
ğŸ‡¨ğŸ‡«,CF,Central African Republic,1f1e8-1f1eb.svg
ğŸ‡¨ğŸ‡¬,CG,Congo - Brazzaville,1f1e8-1f1ec.svg
ğŸ‡¨ğŸ‡­,CH,Switzerland,1f1e8-1f1ed.svg
ğŸ‡¨ğŸ‡®,CI,CÃ´te d'Ivoire,1f1e8-1f1ee.svg
ğŸ‡¨ğŸ‡°,CK,Cook Islands,1f1e8-1f1f0.svg
ğŸ‡¨ğŸ‡±,CL,Chile,1f1e8-1f1f1.svg
ğŸ‡¨ğŸ‡²,CM,Cameroon,1f1e8-1f1f2.svg
ğŸ‡¨ğŸ‡³,CN,China,1f1e8-1f1f3.svg
ğŸ‡¨ğŸ‡´,CO,Colombia,1f1e8-1f1f4.svg
ğŸ‡¨ğŸ‡µ,CP,Clipperton Island,1f1e8-1f1f5.svg
ğŸ‡¨ğŸ‡·,CR,Costa Rica,1f1e8-1f1f7.svg
ğŸ‡¨ğŸ‡º,CU,Cuba,1f1e8-1f1fa.svg
ğŸ‡¨ğŸ‡»,CV,Cape Verde,1f1e8-1f1fb.svg
ğŸ‡¨ğŸ‡¼,CW,CuraÃ§ao,1f1e8-1f1fc.svg
ğŸ‡¨ğŸ‡½,CX,Christmas Island,1f1e8-1f1fd.svg
ğŸ‡¨ğŸ‡¾,CY,Cyprus,1f1e8-1f1fe.svg
ğŸ‡¨ğŸ‡¿,CZ,Czechia,1f1e8-1f1ff.svg
ğŸ‡©ğŸ‡ª,DE,Germany,1f1e9-1f1ea.svg
ğŸ‡©ğŸ‡¬,DG,Diego Garcia,1f1e9-1f1ec.svg
ğŸ‡©ğŸ‡¯,DJ,Djibouti,1f1e9-1f1ef.svg
ğŸ‡©ğŸ‡°,DK,Denmark,1f1e9-1f1f0.svg
ğŸ‡©ğŸ‡²,DM,Dominica,1f1e9-1f1f2.svg
ğŸ‡©ğŸ‡´,DO,Dominican Republic,1f1e9-1f1f4.svg
ğŸ‡©ğŸ‡¿,DZ,Algeria,1f1e9-1f1ff.svg
ğŸ‡ªğŸ‡¦,EA,Ceuta & Melilla,1f1ea-1f1e6.svg
ğŸ‡ªğŸ‡¨,EC,Ecuador,1f1ea-1f1e8.svg
ğŸ‡ªğŸ‡ª,EE,Estonia,1f1ea-1f1ea.svg
ğŸ‡ªğŸ‡¬,EG,Egypt,1f1ea-1f1ec.svg
ğŸ‡ªğŸ‡­,EH,Western Sahara,1f1ea-1f1ed.svg
ğŸ‡ªğŸ‡·,ER,Eritrea,1f1ea-1f1f7.svg
ğŸ‡ªğŸ‡¸,ES,Spain,1f1ea-1f1f8.svg
ğŸ‡ªğŸ‡¹,ET,Ethiopia,1f1ea-1f1f9.svg
ğŸ‡ªğŸ‡º,EU,European Union,1f1ea-1f1fa.svg
ğŸ‡«ğŸ‡®,FI,Finland,1f1eb-1f1ee.svg
ğŸ‡«ğŸ‡¯,FJ,Fiji,1f1eb-1f1ef.svg
ğŸ‡«ğŸ‡°,FK,Falkland Islands,1f1eb-1f1f0.svg
ğŸ‡«ğŸ‡²,FM,Micronesia,1f1eb-1f1f2.svg
ğŸ‡«ğŸ‡´,FO,Faroe Islands,1f1eb-1f1f4.svg
ğŸ‡«ğŸ‡·,FR,France,1f1eb-1f1f7.svg
ğŸ‡¬ğŸ‡¦,GA,Gabon,1f1ec-1f1e6.svg
ğŸ‡¬ğŸ‡§,GB,United Kingdom,1f1ec-1f1e7.svg
ğŸ‡¬ğŸ‡©,GD,Grenada,1f1ec-1f1e9.svg
ğŸ‡¬ğŸ‡ª,GE,Georgia,1f1ec-1f1ea.svg
ğŸ‡¬ğŸ‡«,GF,French Guiana,1f1ec-1f1eb.svg
ğŸ‡¬ğŸ‡¬,GG,Guernsey,1f1ec-1f1ec.svg
ğŸ‡¬ğŸ‡­,GH,Ghana,1f1ec-1f1ed.svg
ğŸ‡¬ğŸ‡®,GI,Gibraltar,1f1ec-1f1ee.svg
ğŸ‡¬ğŸ‡±,GL,Greenland,1f1ec-1f1f1.svg
ğŸ‡¬ğŸ‡²,GM,Gambia,1f1ec-1f1f2.svg
ğŸ‡¬ğŸ‡³,GN,Guinea,1f1ec-1f1f3.svg
ğŸ‡¬ğŸ‡µ,GP,Guadeloupe,1f1ec-1f1f5.svg
ğŸ‡¬ğŸ‡¶,GQ,Equatorial Guinea,1f1ec-1f1f6.svg
ğŸ‡¬ğŸ‡·,GR,Greece,1f1ec-1f1f7.svg
ğŸ‡¬ğŸ‡¸,GS,South Georgia & South Sandwich Islands,1f1ec-1f1f8.svg
ğŸ‡¬ğŸ‡¹,GT,Guatemala,1f1ec-1f1f9.svg
ğŸ‡¬ğŸ‡º,GU,Guam,1f1ec-1f1fa.svg
ğŸ‡¬ğŸ‡¼,GW,Guinea-Bissau,1f1ec-1f1fc.svg
ğŸ‡¬ğŸ‡¾,GY,Guyana,1f1ec-1f1fe.svg
ğŸ‡­ğŸ‡°,HK,Hong Kong SAR China,1f1ed-1f1f0.svg
ğŸ‡­ğŸ‡²,HM,Heard & McDonald Islands,1f1ed-1f1f2.svg
ğŸ‡­ğŸ‡³,HN,Honduras,1f1ed-1f1f3.svg
ğŸ‡­ğŸ‡·,HR,Croatia,1f1ed-1f1f7.svg
ğŸ‡­ğŸ‡¹,HT,Haiti,1f1ed-1f1f9.svg
ğŸ‡­ğŸ‡º,HU,Hungary,1f1ed-1f1fa.svg
ğŸ‡®ğŸ‡¨,IC,Canary Islands,1f1ee-1f1e8.svg
ğŸ‡®ğŸ‡©,ID,Indonesia,1f1ee-1f1e9.svg
ğŸ‡®ğŸ‡ª,IE,Ireland,1f1ee-1f1ea.svg
ğŸ‡®ğŸ‡±,IL,Israel,1f1ee-1f1f1.svg
ğŸ‡®ğŸ‡²,IM,Isle of Man,1f1ee-1f1f2.svg
ğŸ‡®ğŸ‡³,IN,India,1f1ee-1f1f3.svg
ğŸ‡®ğŸ‡´,IO,British Indian Ocean Territory,1f1ee-1f1f4.svg
ğŸ‡®ğŸ‡¶,IQ,Iraq,1f1ee-1f1f6.svg
ğŸ‡®ğŸ‡·,IR,Iran,1f1ee-1f1f7.svg
ğŸ‡®ğŸ‡¸,IS,Iceland,1f1ee-1f1f8.svg
ğŸ‡®ğŸ‡¹,IT,Italy,1f1ee-1f1f9.svg
ğŸ‡¯ğŸ‡ª,JE,Jersey,1f1ef-1f1ea.svg
ğŸ‡¯ğŸ‡²,JM,Jamaica,1f1ef-1f1f2.svg
ğŸ‡¯ğŸ‡´,JO,Jordan,1f1ef-1f1f4.svg
ğŸ‡¯ğŸ‡µ,JP,Japan,1f1ef-1f1f5.svg
ğŸ‡°ğŸ‡ª,KE,Kenya,1f1f0-1f1ea.svg
ğŸ‡°ğŸ‡¬,KG,Kyrgyzstan,1f1f0-1f1ec.svg
ğŸ‡°ğŸ‡­,KH,Cambodia,1f1f0-1f1ed.svg
ğŸ‡°ğŸ‡®,KI,Kiribati,1f1f0-1f1ee.svg
ğŸ‡°ğŸ‡²,KM,Comoros,1f1f0-1f1f2.svg
ğŸ‡°ğŸ‡³,KN,St. Kitts & Nevis,1f1f0-1f1f3.svg
ğŸ‡°ğŸ‡µ,KP,North Korea,1f1f0-1f1f5.svg
ğŸ‡°ğŸ‡·,KR,South Korea,1f1f0-1f1f7.svg
ğŸ‡°ğŸ‡¼,KW,Kuwait,1f1f0-1f1fc.svg
ğŸ‡°ğŸ‡¾,KY,Cayman Islands,1f1f0-1f1fe.svg
ğŸ‡°ğŸ‡¿,KZ,Kazakhstan,1f1f0-1f1ff.svg
ğŸ‡±ğŸ‡¦,LA,Laos,1f1f1-1f1e6.svg
ğŸ‡±ğŸ‡§,LB,Lebanon,1f1f1-1f1e7.svg
ğŸ‡±ğŸ‡¨,LC,St. Lucia,1f1f1-1f1e8.svg
ğŸ‡±ğŸ‡®,LI,Liechtenstein,1f1f1-1f1ee.svg
ğŸ‡±ğŸ‡°,LK,Sri Lanka,1f1f1-1f1f0.svg
ğŸ‡±ğŸ‡·,LR,Liberia,1f1f1-1f1f7.svg
ğŸ‡±ğŸ‡¸,LS,Lesotho,1f1f1-1f1f8.svg
ğŸ‡±ğŸ‡¹,LT,Lithuania,1f1f1-1f1f9.svg
ğŸ‡±ğŸ‡º,LU,Luxembourg,1f1f1-1f1fa.svg
ğŸ‡±ğŸ‡»,LV,Latvia,1f1f1-1f1fb.svg
ğŸ‡±ğŸ‡¾,LY,Libya,1f1f1-1f1fe.svg
ğŸ‡²ğŸ‡¦,MA,Morocco,1f1f2-1f1e6.svg
ğŸ‡²ğŸ‡¨,MC,Monaco,1f1f2-1f1e8.svg
ğŸ‡²ğŸ‡©,MD,Moldova,1f1f2-1f1e9.svg
ğŸ‡²ğŸ‡ª,ME,Montenegro,1f1f2-1f1ea.svg
ğŸ‡²ğŸ‡«,MF,St. Martin,1f1f2-1f1eb.svg
ğŸ‡²ğŸ‡¬,MG,Madagascar,1f1f2-1f1ec.svg
ğŸ‡²ğŸ‡­,MH,Marshall Islands,1f1f2-1f1ed.svg
ğŸ‡²ğŸ‡°,MK,Macedonia,1f1f2-1f1f0.svg
ğŸ‡²ğŸ‡±,ML,Mali,1f1f2-1f1f1.svg
ğŸ‡²ğŸ‡²,MM,Myanmar (Burma),1f1f2-1f1f2.svg
ğŸ‡²ğŸ‡³,MN,Mongolia,1f1f2-1f1f3.svg
ğŸ‡²ğŸ‡´,MO,Macao SAR China,1f1f2-1f1f4.svg
ğŸ‡²ğŸ‡µ,MP,Northern Mariana Islands,1f1f2-1f1f5.svg
ğŸ‡²ğŸ‡¶,MQ,Martinique,1f1f2-1f1f6.svg
ğŸ‡²ğŸ‡·,MR,Mauritania,1f1f2-1f1f7.svg
ğŸ‡²ğŸ‡¸,MS,Montserrat,1f1f2-1f1f8.svg
ğŸ‡²ğŸ‡¹,MT,Malta,1f1f2-1f1f9.svg
ğŸ‡²ğŸ‡º,MU,Mauritius,1f1f2-1f1fa.svg
ğŸ‡²ğŸ‡»,MV,Maldives,1f1f2-1f1fb.svg
ğŸ‡²ğŸ‡¼,MW,Malawi,1f1f2-1f1fc.svg
ğŸ‡²ğŸ‡½,MX,Mexico,1f1f2-1f1fd.svg
ğŸ‡²ğŸ‡¾,MY,Malaysia,1f1f2-1f1fe.svg
ğŸ‡²ğŸ‡¿,MZ,Mozambique,1f1f2-1f1ff.svg
ğŸ‡³ğŸ‡¦,NA,Namibia,1f1f3-1f1e6.svg
ğŸ‡³ğŸ‡¨,NC,New Caledonia,1f1f3-1f1e8.svg
ğŸ‡³ğŸ‡ª,NE,Niger,1f1f3-1f1ea.svg
ğŸ‡³ğŸ‡«,NF,Norfolk Island,1f1f3-1f1eb.svg
ğŸ‡³ğŸ‡¬,NG,Nigeria,1f1f3-1f1ec.svg
ğŸ‡³ğŸ‡®,NI,Nicaragua,1f1f3-1f1ee.svg
ğŸ‡³ğŸ‡±,NL,Netherlands,1f1f3-1f1f1.svg
ğŸ‡³ğŸ‡´,NO,Norway,1f1f3-1f1f4.svg
ğŸ‡³ğŸ‡µ,NP,Nepal,1f1f3-1f1f5.svg
ğŸ‡³ğŸ‡·,NR,Nauru,1f1f3-1f1f7.svg
ğŸ‡³ğŸ‡º,NU,Niue,1f1f3-1f1fa.svg
ğŸ‡³ğŸ‡¿,NZ,New Zealand,1f1f3-1f1ff.svg
ğŸ‡´ğŸ‡²,OM,Oman,1f1f4-1f1f2.svg
ğŸ‡µğŸ‡¦,PA,Panama,1f1f5-1f1e6.svg
ğŸ‡µğŸ‡ª,PE,Peru,1f1f5-1f1ea.svg
ğŸ‡µğŸ‡«,PF,French Polynesia,1f1f5-1f1eb.svg
ğŸ‡µğŸ‡¬,PG,Papua New Guinea,1f1f5-1f1ec.svg
ğŸ‡µğŸ‡­,PH,Philippines,1f1f5-1f1ed.svg
ğŸ‡µğŸ‡°,PK,Pakistan,1f1f5-1f1f0.svg
ğŸ‡µğŸ‡±,PL,Poland,1f1f5-1f1f1.svg
ğŸ‡µğŸ‡²,PM,St. Pierre & Miquelon,1f1f5-1f1f2.svg
ğŸ‡µğŸ‡³,PN,Pitcairn Islands,1f1f5-1f1f3.svg
ğŸ‡µğŸ‡·,PR,Puerto Rico,1f1f5-1f1f7.svg
ğŸ‡µğŸ‡¸,PS,Palestinian Territories,1f1f5-1f1f8.svg
ğŸ‡µğŸ‡¹,PT,Portugal,1f1f5-1f1f9.svg
ğŸ‡µğŸ‡¼,PW,Palau,1f1f5-1f1fc.svg
ğŸ‡µğŸ‡¾,PY,Paraguay,1f1f5-1f1fe.svg
ğŸ‡¶ğŸ‡¦,QA,Qatar,1f1f6-1f1e6.svg
ğŸ‡·ğŸ‡ª,RE,RÃ©union,1f1f7-1f1ea.svg
ğŸ‡·ğŸ‡´,RO,Romania,1f1f7-1f1f4.svg
ğŸ‡·ğŸ‡¸,RS,Serbia,1f1f7-1f1f8.svg
ğŸ‡·ğŸ‡º,RU,Russia,1f1f7-1f1fa.svg
ğŸ‡·ğŸ‡¼,RW,Rwanda,1f1f7-1f1fc.svg
ğŸ‡¸ğŸ‡¦,SA,Saudi Arabia,1f1f8-1f1e6.svg
ğŸ‡¸ğŸ‡§,SB,Solomon Islands,1f1f8-1f1e7.svg
ğŸ‡¸ğŸ‡¨,SC,Seychelles,1f1f8-1f1e8.svg
ğŸ‡¸ğŸ‡©,SD,Sudan,1f1f8-1f1e9.svg
ğŸ‡¸ğŸ‡ª,SE,Sweden,1f1f8-1f1ea.svg
ğŸ‡¸ğŸ‡¬,SG,Singapore,1f1f8-1f1ec.svg
ğŸ‡¸ğŸ‡­,SH,St. Helena,1f1f8-1f1ed.svg
ğŸ‡¸ğŸ‡®,SI,Slovenia,1f1f8-1f1ee.svg
ğŸ‡¸ğŸ‡¯,SJ,Svalbard & Jan Mayen,1f1f8-1f1ef.svg
ğŸ‡¸ğŸ‡°,SK,Slovakia,1f1f8-1f1f0.svg
ğŸ‡¸ğŸ‡±,SL,Sierra Leone,1f1f8-1f1f1.svg
ğŸ‡¸ğŸ‡²,SM,San Marino,1f1f8-1f1f2.svg
ğŸ‡¸ğŸ‡³,SN,Senegal,1f1f8-1f1f3.svg
ğŸ‡¸ğŸ‡´,SO,Somalia,1f1f8-1f1f4.svg
ğŸ‡¸ğŸ‡·,SR,Suriname,1f1f8-1f1f7.svg
ğŸ‡¸ğŸ‡¸,SS,South Sudan,1f1f8-1f1f8.svg
ğŸ‡¸ğŸ‡¹,ST,SÃ£o TomÃ© & PrÃ­ncipe,1f1f8-1f1f9.svg
ğŸ‡¸ğŸ‡»,SV,El Salvador,1f1f8-1f1fb.svg
ğŸ‡¸ğŸ‡½,SX,Sint Maarten,1f1f8-1f1fd.svg
ğŸ‡¸ğŸ‡¾,SY,Syria,1f1f8-1f1fe.svg
ğŸ‡¸ğŸ‡¿,SZ,Eswatini,1f1f8-1f1ff.svg
ğŸ‡¹ğŸ‡¦,TA,Tristan da Cunha,1f1f9-1f1e6.svg
ğŸ‡¹ğŸ‡¨,TC,Turks & Caicos Islands,1f1f9-1f1e8.svg
ğŸ‡¹ğŸ‡©,TD,Chad,1f1f9-1f1e9.svg
ğŸ‡¹ğŸ‡«,TF,French Southern Territories,1f1f9-1f1eb.svg
ğŸ‡¹ğŸ‡¬,TG,Togo,1f1f9-1f1ec.svg
ğŸ‡¹ğŸ‡­,TH,Thailand,1f1f9-1f1ed.svg
ğŸ‡¹ğŸ‡¯,TJ,Tajikistan,1f1f9-1f1ef.svg
ğŸ‡¹ğŸ‡°,TK,Tokelau,1f1f9-1f1f0.svg
ğŸ‡¹ğŸ‡±,TL,Timor-Leste,1f1f9-1f1f1.svg
ğŸ‡¹ğŸ‡²,TM,Turkmenistan,1f1f9-1f1f2.svg
ğŸ‡¹ğŸ‡³,TN,Tunisia,1f1f9-1f1f3.svg
ğŸ‡¹ğŸ‡´,TO,Tonga,1f1f9-1f1f4.svg
ğŸ‡¹ğŸ‡·,TR,Turkey,1f1f9-1f1f7.svg
ğŸ‡¹ğŸ‡¹,TT,Trinidad & Tobago,1f1f9-1f1f9.svg
ğŸ‡¹ğŸ‡»,TV,Tuvalu,1f1f9-1f1fb.svg
ğŸ‡¹ğŸ‡¼,TW,Taiwan,1f1f9-1f1fc.svg
ğŸ‡¹ğŸ‡¿,TZ,Tanzania,1f1f9-1f1ff.svg
ğŸ‡ºğŸ‡¦,UA,Ukraine,1f1fa-1f1e6.svg
ğŸ‡ºğŸ‡¬,UG,Uganda,1f1fa-1f1ec.svg
ğŸ‡ºğŸ‡²,UM,U.S. Outlying Islands,1f1fa-1f1f2.svg
ğŸ‡ºğŸ‡³,UN,United Nations,1f1fa-1f1f3.svg
ğŸ‡ºğŸ‡¸,US,United States,1f1fa-1f1f8.svg
ğŸ‡ºğŸ‡¾,UY,Uruguay,1f1fa-1f1fe.svg
ğŸ‡ºğŸ‡¿,UZ,Uzbekistan,1f1fa-1f1ff.svg
ğŸ‡»ğŸ‡¦,VA,Vatican City,1f1fb-1f1e6.svg
ğŸ‡»ğŸ‡¨,VC,St. Vincent & Grenadines,1f1fb-1f1e8.svg
ğŸ‡»ğŸ‡ª,VE,Venezuela,1f1fb-1f1ea.svg
ğŸ‡»ğŸ‡¬,VG,British Virgin Islands,1f1fb-1f1ec.svg
ğŸ‡»ğŸ‡®,VI,U.S. Virgin Islands,1f1fb-1f1ee.svg
ğŸ‡»ğŸ‡³,VN,Vietnam,1f1fb-1f1f3.svg
ğŸ‡»ğŸ‡º,VU,Vanuatu,1f1fb-1f1fa.svg
ğŸ‡¼ğŸ‡«,WF,Wallis & Futuna,1f1fc-1f1eb.svg
ğŸ‡¼ğŸ‡¸,WS,Samoa,1f1fc-1f1f8.svg
ğŸ‡½ğŸ‡°,XK,Kosovo,1f1fd-1f1f0.svg
ğŸ‡¾ğŸ‡ª,YE,Yemen,1f1fe-1f1ea.svg
ğŸ‡¾ğŸ‡¹,YT,Mayotte,1f1fe-1f1f9.svg
ğŸ‡¿ğŸ‡¦,ZA,South Africa,1f1ff-1f1e6.svg
ğŸ‡¿ğŸ‡²,ZM,Zambia,1f1ff-1f1f2.svg
ğŸ‡¿ğŸ‡¼,ZW,Zimbabwe,1f1ff-1f1fc.svg
